Одежда и обувь;Одежда
Мебель;Мебель
Украшения ручной работы akvamaring;Украшения
Книжный Салон на Дворцовой;Книги
Anime Candle;Аниме
Эпоксидная смола | Обучение online | Челябинск;Образование
Журнал код;Образование
ДЛЯ НАС;СМИ
Финансовая грамотность от Аллы Алексеевой;Образование
Финансовая грамотность;Образование
Программирование;Образование
МерчСан♡ Делаем мерч по вашим артам!;Одежда
КЕША/KESHANCHIK;Творчество
♡ niluu;Творчество
Inchik Candles | Соевые свечи | Твердые духи;Товары для дома
ELSEA;Музыка
Ювелирная мастерская WHITELAKE;Украшения
Телеканал ТНТ;Развлечения
Cherry Cupcake Shop | Одежда для особенной Тебя;Одежда
Фотограф Анастасия Добровольская;Творчество
Chudilaヾ(・∀・`*)ﾉ☆;Творчество
CatWar;Развлечения
Авто;Автомобили
Тачки;Автомобили
Лентач;СМИ
Dj Twins;Музыка
Алиорам алтайский;Образование
MARVEL/DC;Развлечения
Словарный запас;Образование
Секреты Жизни | Советы;Образование
iFeed;Развлечения
Я ♡ КИНО;Развлечения
WTFacts?;Образование
Хахаски;Развлечения
Kangae! | Genshin impact;Аниме
lEON | fursuit workshop;Одежда
Coconut milk | Genshin Impact;Аниме
Genshin Impact has stolen my soul;Аниме
★цера 98;Творчество
Steven Universe - Вселенная Стивена (BiS);Развлечения
я живу в россии и мне не страшно;Творчество
Mewna/Совиный Дом,комиксы,манга,мульты,аниме;Развлечения
ламповый Тейват;Аниме
мы оцениваем собак;Животные
Великий из Бродячих Псов » АМ « BSD;Аниме
FurrHouse | фурсьют мастерская Алая и Джесс;Одежда
Автомобиль;Автомобили
Black Science;Образование
Чемпионат мира по пляжному футболу FIFA 2021;Спорт
Спорт;Спорт
Футбол;Спорт
Волейбол;Спорт
Баскетбол;Спорт
Хоккей;Спорт
Фитнес клуб;Спорт
Бег;Спорт
Конный спорт;Спорт
Синие коты Рины Зенюк;Развлечения
коты в необычных местах;Животные
Коты Котики Котята;Животные
Приют для животных;Животные
Коты и приколы • юмор;Развлечения
Русские коты | Z;Животные
Творчество - это способность создавать что-то новое и оригинальное;Творчество
Автомобили - это транспортные средства, используемые для перемещения людей и грузов;Автомобили
Украшения - это предметы, которые используются для украшения чего-либо или кого-либо;Украшения
Одежда - это предметы, которые носят на теле для защиты от холода и других внешних факторов;Одежда
СМИ - это средства массовой информации, которые используются для распространения информации;СМИ
Мебель - это предметы обстановки, которые используются для обеспечения удобства и комфорта в помещении;Мебель
Книги - это печатные издания, содержащие тексты и/или иллюстрации;Книги
Аниме - это японская анимация, которая имеет свои особенности и стиль;Аниме
Образование - это процесс приобретения знаний и навыков;Образование
Товары для дома - это товары, которые используются в быту для обеспечения комфорта и удобства;Товары для дома
Музыка - это искусство звуков, которое может вызывать эмоции и чувства;Музыка
Развлечения - это деятельность, которая приносит удовольствие и отвлекает от повседневных забот;Развлечения
Животные - это живые существа, которые отличаются от растений и грибов;Животные
Спорт - это физическая активность, направленная на развитие физических качеств и улучшение здоровья;Спорт
Коты-мурлыки;Творчество
Автоимпорт;Автомобили
Фанаты Драконьей Саги;Творчество
Театр Эрмитаж;Творчество
Камень Судьбы;Украшения
Модная Одежда;Одежда
Новости 24;СМИ
Мебель из массива;Мебель
Суперкары;Автомобили
Рисунок и Живопись;Творчество
Драгоценные камни;Украшения
Одежда и Аксессуары;Одежда
Мебель для дома;Мебель
Ручная работа Украшения;Украшения
Книжный магазин;Книги
Аниме Мир;Аниме
Коты-Воители. Знамение Звёзд;Творчество
car_import21;Автомобили
ЭКСТРЕМАЛЬНЫЙ РАШН ФЕНДОМ ФОР ДРАКОНЬЯ САГА;Творчество
Чудесный источник. Театр-лаборатория в Эрмитаже;Творчество
Заветный Камень;Украшения
DIVNO;Одежда
RU.TV;СМИ
Мебель из дерева - ФАКТУРА;Мебель
Машины;Автомобили
Рисование;Творчество
Драгоценности;Украшения
Обучение онлайн;Образование
Кодирование для всех;Образование
Новости мира;СМИ
Финансовая грамотность для всех;Образование
Собаки-друзья;Творчество
Автоэкспорт;Автомобили
Фанаты Гарри Поттера;Творчество
Театр Большой;Творчество
Серебряные украшения;Украшения
Спортивная одежда;Одежда
Новости спорта;СМИ
Мебель из металла;Мебель
Гоночные автомобили;Автомобили
Живопись маслом;Творчество
Золотые украшения;Украшения
Одежда для детей;Одежда
Офисная мебель;Мебель
Бижутерия;Украшения
Книжный клуб;Книги
Аниме фестиваль;Аниме
Обучение веб-дизайну;Образование
Программирование для начинающих;Образование
Новости науки;СМИ
Инвестиции для начинающих;Образование
Попугаи-разговорчики;Животные
Автосервис;Автомобили
Фанаты Звездных Войн;Творчество
Театр Станиславского;Творчество
Бриллиантовые украшения;Украшения
Вечерние платья;Одежда
Новости кино;СМИ
Мебель из стекла;Мебель
Классические автомобили;Автомобили
Граффити и стрит-арт;Творчество
Жемчужные украшения;Украшения
Одежда для беременных;Одежда
Детская мебель;Мебель
Винтажные украшения;Украшения
Книжная ярмарка;Книги
Аниме конвенция;Аниме
Обучение графическому дизайну;Образование
Программирование на Python;Образование
Новости технологий;СМИ
Трейдинг для начинающих;Образование
Рыбки-аквариумисты;Животные
Автозапчасти;Автомобили
Театр имени Моссовета;Творчество
Платиновые украшения;Украшения
Спортивная обувь;Одежда
Новости музыки;СМИ
Спортивные автомобили;Автомобили
Каллиграфия и леттеринг;Творчество
Серебряные украшения с камнями;Украшения
Одежда больших размеров;Одежда
Мягкая мебель;Мебель
Этнические украшения;Украшения
Книжный фестиваль;Книги
Аниме косплей;Аниме
Обучение веб-разработке;Образование
Программирование на Java;Образование
Новости науки и техники;СМИ
Инвестирование в недвижимость для начинающих;Образование
Хомяки-милые;Творчество
Автосалон;Автомобили
Фанаты Властелина Колец;Творчество
Театр имени Маяковского;Творчество
Золотые серьги;Украшения
Джинсы;Одежда
Новости игр;СМИ
Мебель из ротанга;Мебель
Внедорожники;Автомобили
Скульптура и лепка;Творчество
Серебряные кольца;Украшения
Одежда для новорожденных;Одежда
Кухонная мебель;Мебель
Антикварные украшения;Украшения
Книжный магазин в Москве;Книги
Аниме фанфики;Аниме
Дошкольное образование;Образование
Дошкольное образование для детей;Образование
Обучение фотографии;Образование
Программирование на C++;Образование
Новости космоса;СМИ
Инвестирование в акции для начинающих;Образование
Технологии;Развлечения
Каркасные авточехлы Dress4car;Автомобили
Мастерская творчества;Творчество
АвтоМания;Автомобили
Ювелирный мир;Украшения
Модный шик;Одежда
Новости медиа;СМИ
Мебельные новинки;Мебель
Книжный мир;Книги
Анимэ любители;Аниме
Учимся вместе;Образование
Домашний уют;Товары для дома
Музыкальный рай;Музыка
Развлекательный центр;Развлечения
Любимцы в доме;Животные
Спортивный мир;Спорт
Творческая лаборатория;Творчество
Автомобильный эксперт;Автомобили
Ювелирная галерея;Украшения
Модный гардероб;Одежда
Медиа-таймс;СМИ
Дом мебели;Мебель
Книжный клуб;Книги
Анимэ клуб;Аниме
Образование +;Образование
Домашний магазин;Товары для дома
Музыкальный калейдоскоп;Музыка
Развлекательный портал;Развлечения
Домашние животные;Животные
Спортивный клуб;Спорт
Художественная мастерская;Творчество
Авто-журнал;Автомобили
Ювелирный дом;Украшения
Модная одежда;Одежда
Медиа-вестник;СМИ
Мебельный центр;Мебель
Книжный магазин;Книги
Анимэ студия;Аниме
Образовательная платформа;Образование
Домашний уклад;Товары для дома
Музыкальные новости;Музыка
Развлекательный мир;Развлечения
Животный мир;Животные
Спортивный фанат;Спорт
Рукодельная мастерская 'Теперь своими руками';Творчество
Шинный центр 'Колесо обозрения';Автомобили
Ювелирный дом 'Камея';Украшения
Бутик 'Отражение стиля';Одежда
Новостной кластер 'Фокус';СМИ
Магазин мебели 'Красивый дом';Мебель
Книжный калейдоскоп 'Читай, где хочешь';Книги
Аниме-студия 'Шик';Аниме
Образовательный мир 'Просто и понятно';Образование
Магазин товаров для дома 'Жизнь в доме';Товары для дома
Музыкальный вихрь 'Артик';Музыка
Развлекательный комплекс 'Лунапарк';Развлечения
Зоомагазин 'Друзья нашего дома';Животные
Спортивный клуб 'Мастера спорта';Спорт
Художественная студия 'Цветовод';Творчество
Автомобильная кузовная мастерская 'Кузовной атель';Автомобили
Ювелирный салон 'Созвездие';Украшения
Магазин модной одежды 'L'Étoile';Одежда
Информационное агентство 'Прямая линия';СМИ
Салон мебели 'Фабрика стиля';Мебель
Книжный магазин 'Буква';Книги
Студия аниме 'Otaku';Аниме
Образование;Образование
Образовательный портал 'Учебник онлайн';Образование
Интернет-магазин товаров для дома 'Ваше уютное жилище';Товары для дома
Музыкальный магазин 'Аккорд';Музыка
Развлекательный комплекс 'Космический дом';Развлечения
Зоомагазин 'Шерсть и лапы';Животные
Спортивный клуб 'Чемпионы XXI века';Спорт
Спортивный клуб 'Максимум';Спорт
Студия искусства 'Творческий процесс';Творчество
Автомастерская 'Авто-Лидер';Автомобили
Ювелирный магазин 'Золотая Лилия';Украшения
Магазин стильной одежды 'Fashionista';Одежда
Информационное агентство 'Главные новости';СМИ
Салон мебели 'Элитный стиль';Мебель
Книжный магазин 'Книжная площадь';Книги
Студия анимации 'Мультмастер';Аниме
Образовательный портал 'Знания для успеха';Образование
Интернет-магазин товаров для дома 'HomeBox';Товары для дома
Музыкальный магазин 'Мелодия души';Музыка
Развлекательный комплекс 'Crazy Fun';Развлечения
Зоомагазин 'Лапы и хвосты';Животные
Спортивный клуб 'Большая лига';Спорт
Студия рисования и живописи;Творчество
Автомастерская по ремонту и обслуживанию автомобилей;Автомобили
Ювелирный магазин с украшениями ручной работы;Украшения
Магазин модной одежды и аксессуаров;Одежда
Новостное агентство с актуальными новостями;СМИ
Магазин мебели и предметов интерьера;Мебель
Книжный магазин с широким ассортиментом книг;Книги
Студия по созданию аниме и манги;Аниме
Платформа онлайн-курсов и образовательных материалов;Образование
Интернет-магазин бытовой техники и товаров для дома;Товары для дома
Магазин музыкальных инструментов и звукозаписывающей техники;Музыка
Развлекательный комплекс с боулингом, кинотеатром и ресторанами;Развлечения
Зоомагазин с продажей кормов и аксессуаров для животных;Животные
Спортивный клуб с индивидуальными и групповыми тренировками;Спорт
Студия графического дизайна;Творчество
Магазин запчастей и аксессуаров для автомобилей;Автомобили
Бутик ювелирных украшений из драгоценных металлов и камней;Украшения
Магазин детской одежды и обуви;Одежда
Издательство с выпуском книг разных жанров;Книги
Магазин мебели в стиле минимализма;Мебель
Студия анимации с разработкой мультфильмов и игр;Аниме
Платформа онлайн-курсов и тренингов по маркетингу;Образование
Интернет-магазин по продаже товаров для дома с доставкой на дом;Товары для дома
Рекорд-лейбл, выпускающий музыку разных жанров;Музыка
Взрослый юмор;Развлечения
Шутка;Развлечения
Шутит;Развлечения
Смех;Развлечения
Боулинг-клуб с бильярдными столами и караоке-барами;Развлечения
Ветеринарная клиника с полным спектром услуг по уходу за животными;Животные
Фитнес-центр с кардиотренажерами и групповыми занятиями;Спорт
Арт-галерея с выставками современного искусства;Творчество
Сервисный центр по ремонту грузовиков и автобусов;Автомобили
Интернет-магазин по продаже эксклюзивных украшений ручной работы;Украшения
Сеть магазинов женской одежды в стиле гранж и рок;Одежда
Издательский дом с выпуском книг по истории и культуре разных народов;Книги
Студия дизайна интерьера в стиле скандинавского минимализма;Мебель
Интернет-магазин с продажей японских аниме-фигурок и аксессуаров;Аниме
Онлайн-школа по обучению программированию и IT-технологиям;Образование
Магазин товаров для дома, специализирующийся на продаже предметов декора;Товары для дома
Музыкальный театр с концертами и музыкальными спектаклями;Музыка
Большой тематический парк развлечений с аттракционами и тематическими зонами;Развлечения
Ветеринарная станция с круглосуточным дежурством и скорой помощью;Животные
Центр фитнеса и йоги для женщин;Спорт
Художественная фотография;Творчество
Электромобили;Автомобили
Украшения с бриллиантами;Украшения
Винтажная одежда;Одежда
Научно-популярные журналы;СМИ
Мебель в стиле лофт;Мебель
Фантастическая литература;Книги
Аниме-сериалы;Аниме
Онлайн-курсы;Образование
Эко-товары для дома;Товары для дома
Инди-рок;Музыка
Парки развлечений;Развлечения
Дикие кошки;Животные
Экстремальные виды спорта;Спорт
Абстрактная живопись;Творчество
Портретное искусство;Творчество
Гоночные автомобили;Автомобили
Классические автомобили;Автомобили
Украшения с изумрудами;Украшения
Украшения с сапфирами;Украшения
Дизайнерская одежда;Одежда
Спортивная одежда;Одежда
Документальные фильмы;СМИ
Научные журналы;СМИ
Мебель в скандинавском стиле;Мебель
Мебель в стиле минимализм;Мебель
Детективная литература;Книги
Историческая литература;Книги
Онлайн-образование;Образование
Языковые курсы;Образование
Товары для сада и огорода;Товары для дома
Товары для кухни;Товары для дома
Классическая музыка;Музыка
Джазовая музыка;Музыка
Тематические парки;Развлечения
Кинотеатры;Развлечения
Птицы хищники;Животные
Морские обитатели;Животные
Олимпийские виды спорта;Спорт
Зимние виды спорта;Спорт
MDK;Развлечения